{"current":{"color_text":"#545454","color_body_text":"#545454","color_sale_text":"#03989e","color_button":"#03989e","color_button_text":"#fff","color_small_button_text_border":"#545454","color_text_field_text":"#545454","color_text_field_border":"#949494","color_text_field":"#fff","color_image_overlay_text":"#fff","color_image_overlay":"#545454","image_overlay_opacity":40,"color_borders":"#e8e9eb","color_body_bg":"#fff","type_header_font":"poppins_n4","type_header_base_size":26,"type_base_font":"catamaran_n4","type_base_size":17,"predictive_search_enabled":true,"predictive_search_show_vendor":false,"predictive_search_show_price":false,"share_image":"","share_facebook":true,"share_twitter":true,"share_pinterest":true,"social_twitter_link":"","social_facebook_link":"","social_pinterest_link":"","social_instagram_link":"","social_tumblr_link":"","social_snapchat_link":"","social_youtube_link":"","social_vimeo_link":"","favicon":"shopify:\/\/shop_images\/better_things_icon.jpg","enable_ajax":true,"checkout_header_image":"","checkout_logo_image":"shopify:\/\/shop_images\/BETTER_THINGS.png","checkout_logo_position":"center","checkout_logo_size":"medium","checkout_body_background_image":"","checkout_body_background_color":"#fff","checkout_input_background_color_mode":"white","checkout_sidebar_background_image":"","checkout_sidebar_background_color":"#fafafa","checkout_heading_font":"-apple-system, BlinkMacSystemFont, 'Segoe UI', Roboto, Helvetica, Arial, sans-serif, 'Apple Color Emoji', 'Segoe UI Emoji', 'Segoe UI Symbol'","checkout_body_font":"-apple-system, BlinkMacSystemFont, 'Segoe UI', Roboto, Helvetica, Arial, sans-serif, 'Apple Color Emoji', 'Segoe UI Emoji', 'Segoe UI Symbol'","checkout_accent_color":"#03989e","checkout_button_color":"#03989e","checkout_error_color":"#e32c2b","sections":{"header":{"type":"header","settings":{"align_logo":"left","logo":"shopify:\/\/shop_images\/BETTER_THINGS.png","logo_max_width":145,"main_linklist":"main-menu","message":true,"home_page_only":false,"message_text":"COD Available. 40% Off Deals Today","message_link":"","color_bg":"#545454","color_text":"#fff"}},"hero":{"type":"hero","settings":{"image":"shopify:\/\/shop_images\/bt-home-1.jpg","alignment":"center","hero_layout":"full_width","hero_size":"medium","text_size":"large","title":"FOR THE MODERN INDIAN","text":"<p>You deserve a life without borders, without worry, and without stress. We're here for you...<\/p>","button_label":"","button_link":""}},"slideshow":{"type":"slideshow","blocks":{"slideshow-0":{"type":"image","settings":{"image":"shopify:\/\/shop_images\/spinning-under-arches-in-india.jpg","alignment":"center center","slide_title":"Feel Better","subheading":"Unwind, relax, and let the world come to you.","button_label":"SHOP NOW","button_link":"shopify:\/\/collections\/feel-better"}},"slideshow-1":{"type":"image","settings":{"image":"shopify:\/\/shop_images\/indian-couple-christmas-morning-portrait.jpg","alignment":"center center","slide_title":"Live Better","subheading":"Transform your home and family life with these unique problem solvers","button_label":"SHOP NOW","button_link":"shopify:\/\/collections\/live-better"}},"1581845630551":{"type":"image","settings":{"image":"shopify:\/\/shop_images\/young-woman-working-on-her-laptop-outside.jpg","alignment":"center center","slide_title":"Work Better","subheading":"Explore our range of products that help you achieve more during the day.","button_label":"SHOP NOW","button_link":"shopify:\/\/collections\/work-better"}}},"block_order":["slideshow-0","slideshow-1","1581845630551"],"settings":{"slideshow_height":"adapt","text_size":"medium","text_alignment":"center center","show_overlay":true,"autorotate":false,"autorotate_speed":5}},"featured-collections":{"type":"collection","settings":{"title":"Trending Now","collection":"frontpage","grid":4,"rows":2,"show_vendor":false,"show_view_all":false}},"feature-row":{"type":"feature-row","settings":{"image":"shopify:\/\/shop_images\/bt-home-2.jpg","layout":"left","title":"Inspirational Aspirations","text":"<p>You stood on your own two feet and made a life for yourself. Your goals and dedication sets your apart from the rest. Now its time for even BETTER&nbsp;things.<\/p>","button_label":"","button_link":""}},"footer":{"type":"footer","blocks":{"link_list":{"type":"link_list","settings":{"title":"QUICK LINKS","menu":"footer"}},"text":{"type":"text","settings":{"title":"ADD MORE TO LIFE","text":"<p>Our unique range of products are made for the modern Indian, who deserves to feel, live, and work better.<\/p>"}},"1581848042848":{"type":"text","settings":{"title":"NEED HELP?","text":"<p><strong>Call Us:<\/strong> +91 172&nbsp;4090660<\/p>\n<p><strong>Email Us:<\/strong> help@betterthings.in<\/p>\n<p>We're available during our business hours: Mon-Fri 10 AM to 4 PM<\/p>"}}},"block_order":["link_list","text","1581848042848"],"settings":{"show_payment_icons":true,"color_footer_bg":"#f5f5f5","color_footer_text":"#545454","show_locale_selector":false,"show_currency_selector":false}},"product-template":{"type":"product-template","settings":{"show_quantity_selector":true,"show_variant_labels":true,"show_vendor":false,"enable_payment_button":false,"show_share_buttons":true,"media_size":"medium","enable_image_zoom":true,"enable_video_looping":false}},"product-recommendations":{"type":"product-recommendations","settings":{"show_product_recommendations":false,"heading":"You may also like","show_vendor":false}},"cart-template":{"type":"cart-template","settings":{"cart_ajax_enable":true,"cart_notes_enable":false}},"collection-template":{"type":"collection-template","settings":{"layout":"grid","grid":4,"rows":2,"show_collection_image":true,"show_vendor":false,"sort_enable":true,"tags_enable":true}}},"content_for_index":["hero","featured-collections","slideshow","feature-row"]},"presets":{"Default":{"color_text":"#3d4246","color_body_text":"#69727b","color_sale_text":"#557B97","color_borders":"#e8e9eb","color_button":"#557B97","color_button_text":"#fff","color_small_button_text_border":"#3d4246","color_text_field":"#fff","color_text_field_text":"#000","color_text_field_border":"#949494","color_image_overlay_text":"#fff","color_image_overlay":"#3d4246","image_overlay_opacity":40,"color_body_bg":"#fff","type_header_font":"work_sans_n6","type_header_base_size":26,"type_base_font":"work_sans_n4","type_base_size":16,"share_facebook":true,"share_twitter":true,"share_pinterest":true,"sections":{"header":{"type":"header","settings":{}},"hero":{"type":"hero","settings":{"text_size":"large"}},"slideshow":{"type":"slideshow","blocks":{"slideshow-0":{"type":"image","settings":{}},"slideshow-1":{"type":"image","settings":{}}},"block_order":["slideshow-0","slideshow-1"],"settings":{}},"featured-collections":{"type":"collection","settings":{"collection":"frontpage"}},"feature-row":{"type":"feature-row","settings":{}},"footer":{"type":"footer","blocks":{"link_list":{"type":"link_list","settings":{}},"text":{"type":"text","settings":{}},"newsletter":{"type":"newsletter","settings":{}}},"block_order":["link_list","text","newsletter"],"settings":{}}},"content_for_index":["hero","featured-collections","feature-row","slideshow"]},"Light":{"color_text":"#162950","color_body_text":"#6d6d6d","color_sale_text":"#DA2F0C","color_borders":"#e4e4e4","color_button":"#DA2F0C","color_button_text":"#ffffff","color_small_button_text_border":"#162950","color_text_field":"#ffffff","color_text_field_text":"#162950","color_text_field_border":"#909090","color_image_overlay_text":"#ffffff","color_image_overlay":"#3d3d3d","image_overlay_opacity":40,"color_body_bg":"#f8f8f8","type_header_font":"muli_n6","type_header_base_size":26,"type_base_font":"muli_n4","type_base_size":18,"share_facebook":true,"share_twitter":true,"share_pinterest":true,"social_twitter_link":"","social_facebook_link":"","social_pinterest_link":"","social_instagram_link":"","social_tumblr_link":"","social_snapchat_link":"","social_youtube_link":"","social_vimeo_link":"","favicon":"","checkout_header_image":"","checkout_logo_image":"","checkout_logo_position":"left","checkout_logo_size":"small","checkout_body_background_image":"","checkout_body_background_color":"#ffffff","checkout_input_background_color_mode":"white","checkout_sidebar_background_image":"","checkout_sidebar_background_color":"#e8f3f6","checkout_heading_font":"Roboto","checkout_body_font":"Source Sans Pro","checkout_accent_color":"#1990c6","checkout_button_color":"#23314e","checkout_error_color":"#ff6d6d","sections":{"header":{"type":"header","settings":{"align_logo":"left","logo":"","logo_max_width":135,"main_linklist":"main-menu","message":true,"color_bg":"#162950","color_text":"#ffffff"}},"hero":{"type":"hero","settings":{"alignment":"center","hero_size":"x-large","text_size":"large"}},"slideshow":{"type":"slideshow","blocks":{"slideshow-0":{"type":"image","settings":{"image":"","alignment":"center center"}},"1492095993817":{"type":"image","settings":{"image":"","alignment":"center"}}},"block_order":["slideshow-0","1492095993817"],"settings":{"slideshow_height":"medium","text_size":"medium","autorotate":false,"autorotate_speed":5}},"featured-collections":{"type":"collection","settings":{"grid":3,"rows":1,"show_vendor":true,"show_view_all":true}},"product-template":{"type":"product-template","settings":{"show_quantity_selector":false,"show_variant_labels":true,"show_vendor":false,"show_share_buttons":true,"media_size":"medium","enable_image_zoom":true,"enable_video_looping":false}},"collection-template":{"type":"collection-template","settings":{"layout":"grid","grid":2,"rows":2,"show_collection_image":true,"show_vendor":false,"sort_enable":true,"tags_enable":true}},"1492033809691":{"type":"map","settings":{}},"1492033877875":{"type":"quotes","blocks":{"1492033877875-0":{"type":"quote","settings":{}}},"block_order":["1492033877875-0"],"settings":{}},"1492033924902":{"type":"custom-content","blocks":{"1492033924902-0":{"type":"text","settings":{"width":"100%","alignment":"center","align_text":"center"}}},"block_order":["1492033924902-0"],"settings":{"title":""}},"1492096252560":{"type":"collection-list","blocks":{"1492096252560-0":{"type":"featured_collection","settings":{}},"1492096252560-1":{"type":"featured_collection","settings":{}},"1492096252560-2":{"type":"featured_collection","settings":{}}},"block_order":["1492096252560-0","1492096252560-1","1492096252560-2"],"settings":{"grid":3}},"blog-template":{"type":"blog-template","settings":{"layout":"grid","blog_show_author":true,"blog_show_date":false}},"article-template":{"type":"article-template","settings":{"blog_show_author":true,"blog_show_date":true,"show_share_buttons":true}},"cart-template":{"type":"cart-template","settings":{"cart_notes_enable":false}},"footer":{"type":"footer","blocks":{"link_list":{"type":"link_list","settings":{}},"text":{"type":"text","settings":{}},"newsletter":{"type":"newsletter","settings":{}}},"block_order":["link_list","text","newsletter"],"settings":{}}},"content_for_index":["hero","featured-collections","slideshow","1492033924902","1492096252560","1492033877875","1492033809691"]}}}